day,event,page,device,browser,country,source
2026-10-07,$pageview,/,Desktop,Safari,India,$direct
2026-10-07,$identify,/,Desktop,Safari,India,$direct
2026-10-07,$pageview,/upload,Desktop,Safari,India,$direct
2026-10-07,upload_started,/upload,Desktop,Safari,India,$direct
2026-10-07,$pageview,/login,Desktop,Safari,India,$direct
2026-10-07,$web_vitals,/upload,Desktop,Safari,India,$direct
2026-10-07,logged_in,/login,Desktop,Safari,India,$direct
2026-10-07,$pageview,/upload,Desktop,Safari,India,$direct
2026-10-07,upload_started,/upload,Desktop,Safari,India,$direct
2026-10-07,$pageview,/dashboard,Desktop,Safari,India,$direct
2026-10-07,$pageview,/documents/[id],Desktop,Safari,India,$direct
2026-10-07,analysis_completed,/documents/[id],Desktop,Safari,India,$direct
2026-10-07,results_viewed,/documents/[id],Desktop,Safari,India,$direct
2026-10-07,question_asked,/documents/[id],Desktop,Safari,India,$direct
2026-10-07,question_asked,/documents/[id],Desktop,Safari,India,$direct
2026-10-07,question_asked,/documents/[id],Desktop,Safari,India,$direct
2026-10-07,question_asked,/documents/[id],Desktop,Safari,India,$direct
2026-10-07,question_asked,/documents/[id],Desktop,Safari,India,$direct
2026-10-07,$pageview,/,Desktop,Safari,India,$direct
2026-10-07,$pageview,/upload,Desktop,Safari,India,$direct
2026-10-07,$pageview,/dashboard,Desktop,Safari,India,$direct
2026-10-07,$pageview,/documents/[id],Desktop,Safari,India,$direct
2026-10-07,$web_vitals,/upload,Desktop,Safari,India,$direct
2026-10-07,$pageview,/dashboard,Desktop,Safari,India,$direct
2026-10-07,analysis_completed,/dashboard,Desktop,Safari,India,$direct
2026-10-07,results_viewed,/dashboard,Desktop,Safari,India,$direct
2026-10-07,$web_vitals,/dashboard,Desktop,Safari,India,$direct
2026-10-07,$pageview,/documents/[id],Desktop,Safari,India,$direct
2026-10-07,analysis_completed,/documents/[id],Desktop,Safari,India,$direct
2026-10-07,results_viewed,/documents/[id],Desktop,Safari,India,$direct
2026-10-07,$web_vitals,/documents/[id],Desktop,Safari,India,$direct
2026-10-07,$pageview,/dashboard,Desktop,Safari,India,$direct
2026-10-07,$web_vitals,/dashboard,Desktop,Safari,India,lawyerlens.in
2026-10-07,$pageview,/login,Desktop,Safari,India,lawyerlens.in
2026-10-07,$pageview,/privacy,Desktop,Safari,India,lawyerlens.in
2026-10-07,$web_vitals,/privacy,Desktop,Safari,India,lawyerlens.in
2026-10-07,$web_vitals,/dashboard,Desktop,Safari,India,lawyerlens.in
2026-10-07,$identify,/login,Desktop,Safari,India,lawyerlens.in
2026-10-07,logged_in,/login,Desktop,Safari,India,lawyerlens.in
2026-10-07,$pageview,/upload,Desktop,Safari,India,lawyerlens.in
2026-10-07,$pageview,/privacy,Desktop,Safari,India,lawyerlens.in
2026-10-07,$web_vitals,/privacy,Desktop,Safari,India,lawyerlens.in
2026-10-07,$pageview,/dashboard,Desktop,Safari,India,lawyerlens.in
2026-10-07,$pageview,/documents/[id],Desktop,Safari,India,lawyerlens.in
2026-10-07,results_viewed,/documents/[id],Desktop,Safari,India,lawyerlens.in
2026-10-07,$web_vitals,/privacy,Desktop,Safari,India,lawyerlens.in
2026-10-07,$web_vitals,/documents/[id],Desktop,Safari,India,lawyerlens.in
2026-10-07,$pageview,/dashboard,Desktop,Safari,India,lawyerlens.in
2026-10-07,$web_vitals,/dashboard,Desktop,Safari,India,lawyerlens.in
2026-10-07,$pageview,/privacy,Desktop,Safari,India,lawyerlens.in
2026-10-07,$web_vitals,/privacy,Desktop,Safari,India,lawyerlens.in
2026-10-07,$pageview,/login,Desktop,Safari,India,lawyerlens.in
2026-10-07,$pageview,/,Desktop,Safari,India,lawyerlens.in
2026-10-07,$web_vitals,/,Desktop,Safari,India,lawyerlens.in
2026-10-07,$web_vitals,/,Desktop,Safari,India,lawyerlens.in
2026-10-07,$pageview,/privacy,Desktop,Safari,India,lawyerlens.in
2026-10-07,$web_vitals,/privacy,Desktop,Safari,India,lawyerlens.in
2026-10-07,$pageview,/,Desktop,Safari,India,lawyerlens.in
2026-10-07,$web_vitals,/,Desktop,Safari,India,lawyerlens.in
2026-10-07,$web_vitals,/,Desktop,Safari,India,lawyerlens.in
2026-10-07,$pageview,/,Desktop,Safari,India,lawyerlens.in
2026-10-07,$web_vitals,/,Desktop,Safari,India,lawyerlens.in
2026-10-07,$web_vitals,/,Desktop,Safari,India,lawyerlens.in
2026-10-07,$pageview,/upload,Desktop,Safari,India,lawyerlens.in
2026-10-07,$pageview,/login,Desktop,Safari,India,lawyerlens.in
2026-10-07,$web_vitals,/upload,Desktop,Safari,India,lawyerlens.in
2026-10-07,logged_in,/login,Desktop,Safari,India,lawyerlens.in
2026-10-07,$identify,/login,Desktop,Safari,India,lawyerlens.in
2026-10-07,$pageview,/upload,Desktop,Safari,India,lawyerlens.in
2026-10-07,upload_started,/upload,Desktop,Safari,India,lawyerlens.in
2026-10-07,$pageview,/dashboard,Desktop,Safari,India,lawyerlens.in
2026-10-07,$pageview,/upload,Desktop,Safari,India,lawyerlens.in
2026-10-07,$pageview,/dashboard,Desktop,Safari,India,lawyerlens.in
2026-10-07,$web_vitals,/upload,Desktop,Safari,India,lawyerlens.in
2026-10-07,$pageview,/,Desktop,Safari,India,$direct
2026-10-07,$web_vitals,/,Desktop,Safari,India,$direct
2026-10-07,$web_vitals,/,Desktop,Safari,India,$direct
2026-10-07,$pageview,/upload,Desktop,Safari,India,$direct
2026-10-07,$web_vitals,/upload,Desktop,Safari,India,$direct
2026-10-07,upload_started,/upload,Desktop,Safari,India,$direct
2026-10-07,$pageview,/,Desktop,Safari,India,$direct
2026-10-07,$pageview,/upload,Desktop,Safari,India,$direct
2026-10-07,$pageview,/dashboard,Desktop,Safari,India,$direct
2026-10-07,$web_vitals,/upload,Desktop,Safari,India,$direct
2026-10-07,$pageview,/documents/[id],Desktop,Safari,India,$direct
2026-10-07,$pageview,/dashboard,Desktop,Safari,India,$direct
2026-10-07,$pageview,/upload,Desktop,Safari,India,$direct
2026-10-07,results_viewed,/upload,Desktop,Safari,India,$direct
2026-10-07,upload_started,/upload,Desktop,Safari,India,$direct
2026-10-07,upload_failed,/upload,Desktop,Safari,India,$direct
2026-10-07,upload_started,/upload,Desktop,Safari,India,$direct
2026-10-07,upload_failed,/upload,Desktop,Safari,India,$direct
2026-10-07,upload_started,/upload,Desktop,Safari,India,$direct
2026-10-07,upload_failed,/upload,Desktop,Safari,India,$direct
2026-10-07,upload_started,/upload,Desktop,Safari,India,$direct
2026-10-07,$pageview,/dashboard,Desktop,Safari,India,$direct
2026-10-07,$pageview,/documents/[id],Desktop,Safari,India,$direct
2026-10-07,results_viewed,/documents/[id],Desktop,Safari,India,$direct
2026-10-07,question_asked,/documents/[id],Desktop,Safari,India,$direct
2026-10-07,$web_vitals,/documents/[id],Desktop,Safari,India,$direct
2026-10-07,question_asked,/documents/[id],Desktop,Safari,India,$direct
2026-10-07,$web_vitals,/documents/[id],Desktop,Safari,India,$direct
2026-10-07,$pageview,/dashboard,Desktop,Safari,India,$direct
2026-10-07,$pageview,/upload,Desktop,Safari,India,$direct
2026-10-07,upload_started,/upload,Desktop,Safari,India,$direct
2026-10-07,upload_started,/upload,Desktop,Safari,India,$direct
2026-10-07,upload_failed,/upload,Desktop,Safari,India,$direct
2026-10-07,upload_started,/upload,Desktop,Safari,India,$direct
2026-10-07,upload_failed,/upload,Desktop,Safari,India,$direct
2026-10-07,upload_started,/upload,Desktop,Safari,India,$direct
2026-10-07,upload_started,/upload,Desktop,Safari,India,$direct
2026-10-07,upload_failed,/upload,Desktop,Safari,India,$direct
2026-10-07,$pageview,/dashboard,Desktop,Safari,India,$direct
2026-10-07,$web_vitals,/dashboard,Desktop,Safari,India,$direct
2026-10-07,$pageview,/upload,Desktop,Safari,India,$direct
2026-10-07,upload_started,/upload,Desktop,Safari,India,$direct
2026-10-07,$pageview,/dashboard,Desktop,Safari,India,$direct
2026-10-07,$pageview,/documents/[id],Desktop,Safari,India,$direct
2026-10-07,results_viewed,/documents/[id],Desktop,Safari,India,$direct
2026-10-07,question_asked,/documents/[id],Desktop,Safari,India,$direct
2026-10-07,question_asked,/documents/[id],Desktop,Safari,India,$direct
2026-10-07,question_asked,/documents/[id],Desktop,Safari,India,$direct
2026-10-07,question_asked,/documents/[id],Desktop,Safari,India,$direct
2026-10-07,question_asked,/documents/[id],Desktop,Safari,India,$direct
2026-10-07,question_asked,/documents/[id],Desktop,Safari,India,$direct
2026-10-07,question_asked,/documents/[id],Desktop,Safari,India,$direct
2026-10-07,question_asked,/documents/[id],Desktop,Safari,India,$direct
2026-10-07,question_asked,/documents/[id],Desktop,Safari,India,$direct
2026-10-07,$web_vitals,/documents/[id],Desktop,Safari,India,$direct
2026-10-07,question_asked,/documents/[id],Desktop,Safari,India,$direct
2026-10-07,question_asked,/documents/[id],Desktop,Safari,India,$direct
2026-10-07,$web_vitals,/documents/[id],Desktop,Safari,India,$direct
2026-10-07,question_asked,/documents/[id],Desktop,Safari,India,$direct
2026-10-07,$web_vitals,/documents/[id],Desktop,Safari,India,$direct
2026-10-07,$web_vitals,/documents/[id],Desktop,Safari,India,$direct
2026-10-07,$web_vitals,/documents/[id],Desktop,Safari,India,$direct
2026-10-07,$web_vitals,/documents/[id],Desktop,Safari,India,$direct
2026-10-07,$pageview,/dashboard,Desktop,Safari,India,$direct
2026-10-07,$pageview,/login,Desktop,Safari,India,$direct
2026-10-07,logged_in,/login,Desktop,Safari,India,$direct
2026-10-07,$pageview,/upload,Desktop,Safari,India,$direct
2026-10-07,$pageview,/dashboard,Desktop,Safari,India,$direct
2026-10-07,$pageview,/documents/[id],Desktop,Safari,India,$direct
2026-10-07,results_viewed,/documents/[id],Desktop,Safari,India,$direct
2026-10-07,question_asked,/documents/[id],Desktop,Safari,India,$direct
2026-10-07,question_asked,/documents/[id],Desktop,Safari,India,$direct
2026-10-07,question_asked,/documents/[id],Desktop,Safari,India,$direct
2026-10-07,question_asked,/documents/[id],Desktop,Safari,India,$direct
2026-10-07,$web_vitals,/documents/[id],Desktop,Safari,India,$direct
2026-10-07,question_asked,/documents/[id],Desktop,Safari,India,$direct
2026-10-07,question_asked,/documents/[id],Desktop,Safari,India,$direct
2026-10-07,question_asked,/documents/[id],Desktop,Safari,India,$direct
2026-10-07,question_asked,/documents/[id],Desktop,Safari,India,$direct
2026-10-07,question_asked,/documents/[id],Desktop,Safari,India,$direct
2026-10-07,question_asked,/documents/[id],Desktop,Safari,India,$direct
2026-10-07,question_asked,/documents/[id],Desktop,Safari,India,$direct
2026-10-07,$pageview,/dashboard,Desktop,Safari,India,$direct
2026-10-07,$pageview,/documents/[id],Desktop,Safari,India,$direct
2026-10-07,results_viewed,/documents/[id],Desktop,Safari,India,$direct
2026-10-07,question_asked,/documents/[id],Desktop,Safari,India,$direct
2026-10-07,question_asked,/documents/[id],Desktop,Safari,India,$direct
2026-10-07,question_asked,/documents/[id],Desktop,Safari,India,$direct
2026-10-07,question_asked,/documents/[id],Desktop,Safari,India,$direct
2026-10-07,$web_vitals,/documents/[id],Desktop,Safari,India,$direct
2026-10-07,question_asked,/documents/[id],Desktop,Safari,India,$direct
2026-10-07,question_asked,/documents/[id],Desktop,Safari,India,$direct
2026-10-07,question_asked,/documents/[id],Desktop,Safari,India,$direct
2026-10-07,question_asked,/documents/[id],Desktop,Safari,India,$direct
2026-10-07,$pageview,/dashboard,Desktop,Safari,India,$direct
2026-10-07,$pageview,/,Desktop,Chrome,Portugal,$direct
2026-10-07,$pageview,/upload,Desktop,Chrome,Portugal,$direct
2026-10-07,$pageview,/login,Desktop,Chrome,Portugal,$direct
2026-10-07,$web_vitals,/,Desktop,Chrome,Portugal,$direct
2026-10-07,$pageview,/documents/[id],Desktop,Safari,India,$direct
2026-10-07,$pageview,/login,Desktop,Safari,India,$direct
2026-10-07,$web_vitals,/documents/[id],Desktop,Safari,India,$direct
2026-10-07,logged_in,/login,Desktop,Safari,India,$direct
2026-10-07,$pageview,/upload,Desktop,Safari,India,$direct
2026-10-07,$pageview,/dashboard,Desktop,Safari,India,$direct
2026-10-07,$web_vitals,/documents/[id],Desktop,Safari,India,$direct
2026-10-07,$pageview,/documents/[id],Desktop,Safari,India,$direct
2026-10-07,results_viewed,/documents/[id],Desktop,Safari,India,$direct
2026-10-07,question_asked,/documents/[id],Desktop,Safari,India,$direct
2026-10-07,$web_vitals,/documents/[id],Desktop,Safari,India,$direct
2026-10-07,question_asked,/documents/[id],Desktop,Safari,India,$direct
2026-10-07,$web_vitals,/documents/[id],Desktop,Safari,India,$direct
2026-10-07,question_asked,/documents/[id],Desktop,Safari,India,$direct
2026-10-07,question_asked,/documents/[id],Desktop,Safari,India,$direct
2026-10-07,question_asked,/documents/[id],Desktop,Safari,India,$direct
2026-10-07,question_asked,/documents/[id],Desktop,Safari,India,$direct
2026-10-07,$web_vitals,/documents/[id],Desktop,Safari,India,$direct
2026-10-07,$pageview,/dashboard,Desktop,Safari,India,$direct
2026-10-07,$pageview,/documents/[id],Desktop,Safari,India,$direct
2026-10-07,results_viewed,/documents/[id],Desktop,Safari,India,$direct
2026-10-07,question_asked,/documents/[id],Desktop,Safari,India,$direct
2026-10-07,question_asked,/documents/[id],Desktop,Safari,India,$direct
2026-10-07,question_asked,/documents/[id],Desktop,Safari,India,$direct
2026-10-07,question_asked,/documents/[id],Desktop,Safari,India,$direct
2026-10-07,question_asked,/documents/[id],Desktop,Safari,India,$direct
2026-10-07,question_asked,/documents/[id],Desktop,Safari,India,$direct
2026-10-07,$web_vitals,/documents/[id],Desktop,Safari,India,$direct
2026-10-07,question_asked,/documents/[id],Desktop,Safari,India,$direct
2026-10-07,question_asked,/documents/[id],Desktop,Safari,India,$direct
2026-10-07,question_asked,/documents/[id],Desktop,Safari,India,$direct
2026-10-07,$pageview,/dashboard,Desktop,Safari,India,$direct
2026-10-07,$pageview,/documents/[id],Desktop,Safari,India,$direct
2026-10-07,results_viewed,/documents/[id],Desktop,Safari,India,$direct
2026-10-07,question_asked,/documents/[id],Desktop,Safari,India,$direct
2026-10-07,question_asked,/documents/[id],Desktop,Safari,India,$direct
2026-10-07,$web_vitals,/documents/[id],Desktop,Safari,India,$direct
2026-10-07,question_asked,/documents/[id],Desktop,Safari,India,$direct
2026-10-07,question_asked,/documents/[id],Desktop,Safari,India,$direct
2026-10-07,question_asked,/documents/[id],Desktop,Safari,India,$direct
2026-10-07,$web_vitals,/documents/[id],Desktop,Safari,India,$direct
2026-10-07,$web_vitals,/documents/[id],Desktop,Safari,India,$direct
2026-10-07,question_asked,/documents/[id],Desktop,Safari,India,$direct
2026-10-07,question_asked,/documents/[id],Desktop,Safari,India,$direct
2026-10-07,question_asked,/documents/[id],Desktop,Safari,India,$direct
2026-10-07,question_asked,/documents/[id],Desktop,Safari,India,$direct
2026-10-07,$web_vitals,/documents/[id],Desktop,Safari,India,$direct
2026-10-07,question_asked,/documents/[id],Desktop,Safari,India,$direct
2026-10-07,$web_vitals,/documents/[id],Desktop,Safari,India,$direct
2026-10-07,$pageview,/dashboard,Desktop,Safari,India,$direct
2026-10-07,$pageview,/login,Desktop,Safari,India,lawyerlens.in
2026-10-07,$web_vitals,/documents/[id],Desktop,Safari,India,lawyerlens.in
2026-10-07,$pageview,/,Desktop,Chrome,United States,$direct
2026-10-07,logged_in,/login,Desktop,Safari,India,lawyerlens.in
2026-10-07,$identify,/login,Desktop,Safari,India,lawyerlens.in
2026-10-07,$pageview,/upload,Desktop,Safari,India,lawyerlens.in
2026-10-07,$pageview,/dashboard,Desktop,Safari,India,lawyerlens.in
2026-10-07,$pageview,/documents/[id],Desktop,Safari,India,lawyerlens.in
2026-10-07,results_viewed,/documents/[id],Desktop,Safari,India,lawyerlens.in
2026-10-07,$web_vitals,/documents/[id],Desktop,Safari,India,lawyerlens.in
2026-10-07,$web_vitals,/documents/[id],Desktop,Safari,India,lawyerlens.in
2026-10-07,question_asked,/documents/[id],Desktop,Safari,India,lawyerlens.in
2026-10-07,$pageview,/dashboard,Desktop,Safari,India,lawyerlens.in
2026-10-07,$web_vitals,/dashboard,Desktop,Safari,India,lawyerlens.in
2026-10-07,$pageview,/documents/[id],Desktop,Safari,India,lawyerlens.in
2026-10-07,results_viewed,/documents/[id],Desktop,Safari,India,lawyerlens.in
2026-10-07,$web_vitals,/dashboard,Desktop,Safari,India,lawyerlens.in
2026-10-07,$web_vitals,/dashboard,Desktop,Safari,India,lawyerlens.in
2026-10-07,question_asked,/documents/[id],Desktop,Safari,India,lawyerlens.in
2026-10-07,$web_vitals,/dashboard,Desktop,Safari,India,lawyerlens.in
2026-10-07,$pageview,/dashboard,Desktop,Safari,India,lawyerlens.in
2026-10-07,$pageview,/documents/[id],Desktop,Safari,India,lawyerlens.in
2026-10-07,results_viewed,/documents/[id],Desktop,Safari,India,lawyerlens.in
2026-10-07,question_asked,/documents/[id],Desktop,Safari,India,lawyerlens.in
2026-10-07,question_asked,/documents/[id],Desktop,Safari,India,lawyerlens.in
2026-10-07,question_asked,/documents/[id],Desktop,Safari,India,lawyerlens.in
2026-10-07,question_asked,/documents/[id],Desktop,Safari,India,lawyerlens.in
2026-10-07,$web_vitals,/dashboard,Desktop,Safari,India,lawyerlens.in
2026-10-07,$pageview,/dashboard,Desktop,Safari,India,lawyerlens.in
2026-10-07,$pageview,/documents/[id],Desktop,Safari,India,lawyerlens.in
2026-10-07,results_viewed,/documents/[id],Desktop,Safari,India,lawyerlens.in
2026-10-07,question_asked,/documents/[id],Desktop,Safari,India,lawyerlens.in
2026-10-07,$web_vitals,/dashboard,Desktop,Safari,India,lawyerlens.in
2026-10-07,$identify,/,Mobile,Chrome,India,$direct
2026-10-07,$pageview,/,Mobile,Chrome,India,$direct
2026-10-07,$pageview,/upload,Mobile,Chrome,India,$direct
2026-10-07,$web_vitals,/upload,Mobile,Chrome,India,$direct
2026-10-07,upload_started,/upload,Mobile,Chrome,India,$direct
2026-10-07,upload_failed,/upload,Mobile,Chrome,India,$direct
2026-10-07,$pageview,/upload,Mobile,Chrome,India,$direct
2026-10-07,$pageview,/login,Mobile,Chrome,India,lawyerlens.in
2026-10-07,$web_vitals,/upload,Mobile,Chrome,India,lawyerlens.in
2026-10-07,$pageview,/forgot-password,Mobile,Chrome,India,lawyerlens.in
2026-10-07,$pageview,/login,Mobile,Chrome,India,lawyerlens.in
2026-10-07,$pageview,/register,Mobile,Chrome,India,lawyerlens.in
2026-10-07,$web_vitals,/upload,Mobile,Chrome,India,lawyerlens.in
2026-10-07,$pageview,/verify-email,Mobile,Chrome,India,com.google.android.gm
2026-10-07,$web_vitals,/verify-email,Mobile,Chrome,India,com.google.android.gm
2026-10-07,$pageview,/login,Mobile,Chrome,India,com.google.android.gm
2026-10-07,$web_vitals,/verify-email,Mobile,Chrome,India,com.google.android.gm
2026-10-07,$identify,/login,Mobile,Chrome,India,com.google.android.gm
2026-10-07,logged_in,/login,Mobile,Chrome,India,com.google.android.gm
2026-10-07,$pageview,/upload,Mobile,Chrome,India,com.google.android.gm
2026-10-07,upload_started,/upload,Mobile,Chrome,India,com.google.android.gm
2026-10-07,upload_failed,/upload,Mobile,Chrome,India,com.google.android.gm
2026-10-07,$pageview,/documents/[id],Desktop,Safari,India,lawyerlens.in
2026-10-07,$pageview,/login,Desktop,Safari,India,lawyerlens.in
2026-10-07,$web_vitals,/documents/[id],Desktop,Safari,India,lawyerlens.in
2026-10-07,logged_in,/login,Desktop,Safari,India,lawyerlens.in
2026-10-07,$pageview,/upload,Desktop,Safari,India,lawyerlens.in
2026-10-07,upload_started,/upload,Desktop,Safari,India,lawyerlens.in
2026-10-07,$pageview,/dashboard,Desktop,Safari,India,lawyerlens.in
2026-10-07,$pageview,/documents/[id],Desktop,Safari,India,lawyerlens.in
2026-10-07,$web_vitals,/documents/[id],Desktop,Safari,India,lawyerlens.in
2026-10-07,results_viewed,/documents/[id],Desktop,Safari,India,lawyerlens.in
2026-10-07,$web_vitals,/documents/[id],Desktop,Safari,India,lawyerlens.in
2026-10-07,$pageview,/,Desktop,Safari,India,www.google.com
2026-10-07,$pageview,/,Desktop,Chrome,Canada,$direct
2026-10-07,$web_vitals,/,Desktop,Chrome,Canada,$direct
2026-10-08,$pageview,/dashboard,Desktop,Safari,India,lawyerlens.in
2026-10-08,$pageview,/login,Desktop,Safari,India,lawyerlens.in
2026-10-08,$web_vitals,/dashboard,Desktop,Safari,India,lawyerlens.in
2026-10-08,logged_in,/login,Desktop,Safari,India,lawyerlens.in
2026-10-08,$pageview,/upload,Desktop,Safari,India,lawyerlens.in
2026-10-08,$pageview,/dashboard,Desktop,Safari,India,lawyerlens.in
2026-10-08,$pageview,/documents/[id],Desktop,Safari,India,lawyerlens.in
2026-10-08,results_viewed,/documents/[id],Desktop,Safari,India,lawyerlens.in
2026-10-08,$web_vitals,/dashboard,Desktop,Safari,India,lawyerlens.in
2026-10-08,$pageview,/,Desktop,Safari,India,$direct
